{
  "Spam/Advertisement": {
    "precision": 0.0,
    "recall": 0.0,
    "f1-score": 0.0,
    "support": 1.0
  },
  "Irrelevant Content": {
    "precision": 0.7710843373493976,
    "recall": 0.5203252032520326,
    "f1-score": 0.6213592233009708,
    "support": 123.0
  },
  "Rant/Complaint (without visit)": {
    "precision": 0.02564102564102564,
    "recall": 0.5,
    "f1-score": 0.04878048780487805,
    "support": 2.0
  },
  "Relevant and Quality": {
    "precision": 0.8879668049792531,
    "recall": 0.5691489361702128,
    "f1-score": 0.6936790923824959,
    "support": 376.0
  },
  "accuracy": 0.5557768924302788,
  "macro avg": {
    "precision": 0.4211730419924191,
    "recall": 0.39736853485556134,
    "f1-score": 0.34095470087208624,
    "support": 502.0
  },
  "weighted avg": {
    "precision": 0.8541238530228229,
    "recall": 0.5557768924302788,
    "f1-score": 0.6720081358116486,
    "support": 502.0
  }
}